{
  "observed": [
    0.6199021207177814,
    0.5168067226890757,
    0.47,
    0.4715909090909091,
    0.48120300751879697,
    0.36363636363636365,
    0.3893129770992366,
    0.34146341463414637,
    0.3865546218487395,
    0.3879310344827586,
    0.31313131313131315,
    0.3247863247863248,
    0.3486238532110092,
    0.3157894736842105,
    0.37373737373737376,
    0.35,
    0.2988505747126437,
    0.24742268041237114,
    0.2602739726027397,
    0.2535211267605634,
    0.2698412698412698,
    0.3,
    0.15294117647058825,
    0.24468085106382978,
    0.2911392405063291,
    0.189873417721519,
    0.18055555555555555,
    0.21052631578947367,
    0.20833333333333334,
    0.2222222222222222,
    0.24615384615384617,
    0.2753623188405797,
    0.21875,
    0.18461538461538463,
    0.17045454545454544,
    0.2,
    0.23076923076923078,
    0.22033898305084745,
    0.25,
    0.203125,
    0.2,
    0.2153846153846154,
    0.23076923076923078,
    0.11764705882352941,
    0.09836065573770492,
    0.16216216216216217,
    0.20588235294117646,
    0.140625,
    0.22727272727272727,
    0.14705882352941177,
    0.11764705882352941,
    0.1,
    0.2,
    0.19117647058823528,
    0.140625,
    0.125,
    0.12307692307692308,
    0.16417910447761194,
    0.13333333333333333,
    0.07894736842105263,
    0.10526315789473684,
    0.07142857142857142,
    0.05555555555555555,
    0.05,
    0.11842105263157894,
    0.14606741573033707,
    0.10204081632653061,
    0.09,
    0.08421052631578947,
    0.09243697478991597,
    0.03529411764705882,
    0.016574585635359115
  ],
  "trend": [
    0.49757057296165647,
    0.48334853446636716,
    0.4692585380419775,
    0.45528557938377107,
    0.4414209892869849,
    0.4276632355737037,
    0.4140069657785621,
    0.4004445662425665,
    0.38696886201038827,
    0.37359152813131286,
    0.36040743936166586,
    0.34784215720633627,
    0.33693321567885937,
    0.32639939495340214,
    0.3163727624955669,
    0.3069829543198286,
    0.2979572689630609,
    0.28890537201200406,
    0.2797028072885224,
    0.2705116570676511,
    0.26165365653909417,
    0.25347075561385574,
    0.24627758830417282,
    0.24024817329652398,
    0.2353727617617045,
    0.23137140762115488,
    0.22775829593644853,
    0.22423878839183603,
    0.22105197150204625,
    0.2186545906184805,
    0.21730046402502978,
    0.21684920811609856,
    0.21694458287715462,
    0.21706712033773745,
    0.2165431446881777,
    0.21464390277456444,
    0.2111388312137656,
    0.20654740204568028,
    0.2016257694492542,
    0.1970366351123936,
    0.1930773002712063,
    0.18959592861923305,
    0.18618695246458478,
    0.18240390839270648,
    0.17802276496432526,
    0.17318939880142648,
    0.1682637032361856,
    0.1637037168800475,
    0.15992361127316054,
    0.15694197226031484,
    0.1543274323676328,
    0.15156629596889767,
    0.14829410327973197,
    0.14424896534522244,
    0.13933696524941708,
    0.13387780353661494,
    0.12837574572728172,
    0.12315742493432667,
    0.11828219569033316,
    0.11370996819898889,
    0.10913498843244135,
    0.10426461247313505,
    0.09907963762260137,
    0.09380096372077663,
    0.08850631099537497,
    0.08322397071467665,
    0.07796986215754437,
    0.07275134471599677,
    0.06756609914063341,
    0.062400438509526,
    0.05723466752471482,
    0.05205517213950531
  ],
  "seasonal": [
    0.09099335129986881,
    0.018106485723044206,
    0.019177768920453215,
    0.03217092308056542,
    0.026126968040213097,
    -0.0630114429178013,
    -0.0243356695777453,
    -0.03345238401093973,
    0.014043749230830922,
    0.02684988292681678,
    -0.07450354982787939,
    -0.008416160422430333,
    0.06771046905893673,
    0.004874586139263713,
    0.014935892488886977,
    0.019881536942287475,
    0.01663098515692941,
    -0.032243404208109006,
    -0.003448451674746115,
    -0.018992787774611514,
    -0.0013231153817425366,
    0.01519712011691448,
    -0.05171070790350015,
    -0.01039879201768756,
    0.045307375877919366,
    -0.0065400675220634,
    0.012065626170704412,
    0.007128627100995769,
    0.009410270324939948,
    -0.0029002511825318798,
    0.014111250648769336,
    -0.009318384527303972,
    -0.016841263917678217,
    0.006765458610733268,
    -0.029397808476801294,
    -0.013524658560238715,
    0.03912710619412767,
    -0.012521546794245188,
    -0.005297273139714492,
    -0.014231778390822764,
    0.015805323319830096,
    0.023133424305099987,
    0.02154269931759807,
    -0.0053902100190306975,
    -0.02093302220827881,
    0.006941953346785926,
    -0.008540459811779314,
    -0.022350271438734533,
    0.028328467531082056,
    -0.0166564255080516,
    -0.022211817893924176,
    -0.03319299405605199,
    0.027891384208610676,
    0.044205072649465264,
    0.020822780616255154,
    -0.005425734182406078,
    -0.012274450468974211,
    0.019071922084751086,
    -0.0011762909601184248,
    -0.03168270670924366,
    0.01747925117803636,
    -0.021944284604213507,
    -0.04061750809893818,
    -0.05236349492223422,
    0.04132050112260572,
    0.06471695529641551,
    0.017599449048614317,
    -0.0026307208190409935,
    0.001344708099894741,
    0.034933519842827124,
    0.002004721794074445,
    -0.040329185632085165
  ],
  "residual": [
    0.03133819645625607,
    0.015351702499664333,
    -0.018436306962430704,
    -0.015865593373427356,
    0.01365505019159896,
    -0.0010154290195387716,
    -0.00035831910158018454,
    -0.025528767597480406,
    -0.014457989392479664,
    -0.012510376575371018,
    0.027227423597526668,
    -0.01463967199758115,
    -0.05601983152678691,
    -0.015484507408455361,
    0.04242871875291987,
    0.023135508737883947,
    -0.015737679407346605,
    -0.00923928739152391,
    -0.015980383011036603,
    0.0020022574675237492,
    0.009510728683918168,
    0.031332124269229766,
    -0.04162570393008441,
    0.014831469784993334,
    0.010459102866705261,
    -0.034957922377572476,
    -0.059268366551597396,
    -0.020841099703358124,
    -0.022128908493652844,
    0.006467882786273582,
    0.01474213148004705,
    0.06783149525178514,
    0.018646681040523583,
    -0.0392171943330861,
    -0.01669079075683097,
    -0.0011192442143257153,
    -0.019496706638662487,
    0.02631312779941236,
    0.05367150369046031,
    0.020320143278429154,
    -0.008882623591036365,
    0.0026552624602823593,
    0.02303957898704795,
    -0.05936663955014637,
    -0.058729087018341536,
    -0.017969189986050238,
    0.04615910951677016,
    -0.0007284454413129804,
    0.03902064846848466,
    0.006773276777148535,
    -0.01446855565017921,
    -0.01837330191284567,
    0.023814512511657365,
    0.002722432593547569,
    -0.019534745865672234,
    -0.0034520693542088587,
    0.006975627818615576,
    0.021949757458534183,
    0.0162274286031186,
    -0.0030798930686925935,
    -0.021351081715740877,
    -0.01089175644035012,
    -0.0029065739681076314,
    0.008562531201457599,
    -0.011405759486401754,
    -0.0018735102807550807,
    0.006471505120371923,
    0.019879376103044216,
    0.015299719075261314,
    -0.004896983562437153,
    -0.023945271671730446,
    0.004848599127938974
  ],
  "adf_raw": {
    "adf_statistic": -1.0027767610177487,
    "p_value": 0.7522501945675144,
    "critical_values": {
      "1%": -3.5463945337644063,
      "5%": -2.911939409384601,
      "10%": -2.5936515282964665
    }
  },
  "adf_differenced": {
    "adf_statistic": -5.8684604570627465,
    "p_value": 3.282894545788778e-07,
    "critical_values": {
      "1%": -3.5335601309235605,
      "5%": -2.9064436883991434,
      "10%": -2.590723948576676
    }
  }
}