{
  "ARIMA": {
    "MAE": 0.05302929535496386,
    "RMSE": 0.06239749861471543,
    "MAPE": 119.17535649235592,
    "AIC": -167.79183174026727,
    "BIC": -161.8809559996109
  },
  "SARIMA": {
    "MAE": 0.05302929535496386,
    "RMSE": 0.06239749861471543,
    "MAPE": 119.17535649235592,
    "AIC": -167.79183174026727,
    "BIC": -161.8809559996109
  }
}