{
  "equation": "Trend(t) = -0.00521t + 0.40774",
  "slope": -0.005213390072603143,
  "intercept": 0.407739843092105,
  "trend_values": [
    0.49757057296165647,
    0.48334853446636716,
    0.4692585380419775,
    0.45528557938377107,
    0.4414209892869849,
    0.4276632355737037,
    0.4140069657785621,
    0.4004445662425665,
    0.38696886201038827,
    0.37359152813131286,
    0.36040743936166586,
    0.34784215720633627,
    0.33693321567885937,
    0.32639939495340214,
    0.3163727624955669,
    0.3069829543198286,
    0.2979572689630609,
    0.28890537201200406,
    0.2797028072885224,
    0.2705116570676511,
    0.26165365653909417,
    0.25347075561385574,
    0.24627758830417282,
    0.24024817329652398,
    0.2353727617617045,
    0.23137140762115488,
    0.22775829593644853,
    0.22423878839183603,
    0.22105197150204625,
    0.2186545906184805,
    0.21730046402502978,
    0.21684920811609856,
    0.21694458287715462,
    0.21706712033773745,
    0.2165431446881777,
    0.21464390277456444,
    0.2111388312137656,
    0.20654740204568028,
    0.2016257694492542,
    0.1970366351123936,
    0.1930773002712063,
    0.18959592861923305,
    0.18618695246458478,
    0.18240390839270648,
    0.17802276496432526,
    0.17318939880142648,
    0.1682637032361856,
    0.1637037168800475,
    0.15992361127316054,
    0.15694197226031484,
    0.1543274323676328,
    0.15156629596889767,
    0.14829410327973197,
    0.14424896534522244,
    0.13933696524941708,
    0.13387780353661494,
    0.12837574572728172,
    0.12315742493432667,
    0.11828219569033316,
    0.11370996819898889,
    0.10913498843244135,
    0.10426461247313505,
    0.09907963762260137,
    0.09380096372077663,
    0.08850631099537497,
    0.08322397071467665,
    0.07796986215754437,
    0.07275134471599677,
    0.06756609914063341,
    0.062400438509526,
    0.05723466752471482,
    0.05205517213950531
  ]
}